jvf_00264_00009846431	negara sing disebut mau merdeka taun rong ewu enem saka penjajahan walanda
jvf_00264_00022017861	the weekend sanjang badhe ngadaake konser teng nggene lima las kutha ageng
jvf_00264_00026796079	ibu ngasta tas awis damelanipun fendi
jvf_00264_00027616755	kula mboten nate tumbas daleman teng et cetera
jvf_00264_00028797241	wakatobi kuwi mlebune papua apa dudu
jvf_00264_00037629350	produke wismilak group saiki wis rada ora payu
jvf_00264_00068836141	apa ora bahaya yen cedhak cedhak kawah sikidang
jvf_00264_00075808963	bir merek bintang sampun dikirim ngantos kansas
jvf_00264_00084623759	blue ivy mek gur isok mlerak mlerok ae ambek lambene mencap mencep
jvf_00264_00103421350	aku bingung arep njupuk les nang ef apa nang wall street
jvf_00264_00123365328	iki krupuke selak mlempem wis songolas menit ora dinyuk
jvf_00264_00125688660	kevin jonas mantun ngerjaake tugasipun adhi adhine
jvf_00264_00127512178	pegunungan ten arizona sampun gundhul
jvf_00264_00135653326	wedhakipun skin food cocok kagem kulit tiyang enom
jvf_00264_00137430565	anak putune jaya group sugih tekan engko kiamat wis
jvf_00264_00140023308	nick jonas remen nedha sekul kaliyan jangan lodeh
jvf_00264_00146470019	sherina mendel mawon teng nggene griyane
jvf_00264_00146858598	egi john ngurusi perkarane wong sayuta umat
jvf_00264_00171855774	drijine rizky alatas tau arep dicokot nyambek nang pinggir kali
jvf_00264_00182471476	mundhut duren kalih enceh ten pasar induk kramat jati
jvf_00264_00184145357	penerbit mizan mulai ngumumaken lomba azan
jvf_00264_00188696706	kartika putri mbetheti iwak gurame ambek bandeng nang pawon
jvf_00264_00200628921	verrel bramastya ki mung ngandalna ibu lan bapake ae
jvf_00264_00203474119	lee min ho saiki kerjane ngombe kopi luwak ae awan isuk sore
jvf_00264_00244567927	usia minimal yen arep ndaftar relawan iku patang puluh taun
jvf_00264_00246081695	emily blunt ketok setan sakklebatan tapi terus ngilang
jvf_00264_00258163410	dion wiyoko niki yuganipun tiyang inggil ingkang dipun ajeni tiyang kathah
jvf_00264_00269580463	jan tenan antrine ora lumrah nggawe mbedhedhel ning pelabuhan merak
jvf_00264_00283454492	ulama ingkang seda januari sinten
jvf_00264_00305690166	kucinge dian nitami akeh tenan neng omah kantor lan uga neng mesjid
jvf_00264_00306665631	warga desa arep nganakake musyawarah tanggal nembelas minggu ngarep
jvf_00264_00312206193	soto lamongan kuwi apa pancen asale lamongan
jvf_00264_00313104227	mike lucock nyaponi larakan nang latar saben esuk
jvf_00264_00318357894	wis ludes kabeh tiket liburan sing ana ning traveloka
jvf_00264_00318529449	asmirandah mlakune timik timik lan ngati ati
jvf_00264_00332069860	napa saestu andhika pratama niki dereng maringi yatra pajak
jvf_00264_00338921547	katharine hepburn mblenek nek terus terusan dilokna lemu
jvf_00264_00341376673	kantor pusate ibm ana ing kutha armonk new york amerika serikat
jvf_00264_00344818679	ben dinten rahmat dipunsangoni ibune arta sekawan ewu damel njajan
jvf_00264_00351757962	nyebrang menyang ketapang adoh
jvf_00264_00365495575	penerbit intan pariwara tasih jaya ngantos sak menika
jvf_00264_00367111834	tower ingkang paling inggil ten taipei menika naminipun taipei sewu siji
jvf_00264_00390924591	mumpung mendhung shakira ndang cepet dikongkon metu
jvf_00264_00395914192	femina group pancen ngetoke majalah sing ora nggawe bosen
jvf_00264_00412289197	liam payne kuwi anake wong sugih nanging ora tau neko neko
jvf_00264_00412504289	paling pas pancen ning rakuten belanja online apa wae ana lan murah
jvf_00264_00421250291	ario bayu mantun mbikak kantor enggal ing jakarta
jvf_00264_00422146871	athena menika kutha ingkang sarat kaliyan carita dewa dewi
jvf_00264_00424079414	fandi christian pengin nduwe anak sendhang kapit pancuran
jvf_00264_00427045811	rokok dunhill menika wernanipun pethak
jvf_00264_00435370431	umur sampean niki tasih enom tasih kalih likur
jvf_00264_00467261757	brussel menika dipun cathet dening pemerintah
jvf_00264_00469026512	rice cookerku merek hitachi lho awete gak ngadubilah
jvf_00264_00473366625	nek tuku ban tuku a ban sing apik sisan sing mereke goodyear
jvf_00264_00491899347	spice girls durung ngerti kapan arep gumbul maneh terus nyanyi bareng
jvf_00264_00493518342	kowe arep tobat umur sewidak
jvf_00264_00505095765	ibu kartini kuwi perawan rembang ya
jvf_00264_00535979053	converse sing modhel anyar iku sing ijo royo royo iku lho
jvf_00264_00573930623	tokyo iku terkenal dening kembang sakurane
jvf_00264_00577138086	sedaya muslim bingah ing sasi sawal lan nyuwun pangapunten
jvf_00264_00578401644	naysila mesthi iri ambek mbake sing jenenge nana
jvf_00264_00582535553	soekarno tau diasingake ning pulau buru
jvf_00264_00587144382	calvin harris mboten gadhah potelod damel ujian sekolah
jvf_00264_00594181860	nggeh mugi mugi nak melody jkt empat lapan tansah slamet
jvf_00264_00633135340	artise soraya filem wis tuwa tapi kualitase jempolan
jvf_00264_00640496036	demo wingi kae jarene saka blue bird group
jvf_00264_00649298339	maem nyamikan arum manis ten dapur coklat
jvf_00264_00654738186	ndelok annisa bahar njoged nggarai awak jantungan
jvf_00264_00698067259	chris evans ngampil arta dugi bank bri kagem biaya sekolah yugane
jvf_00264_00699837213	arta gangsal yuta punika njenengan sukani teng pundi
jvf_00264_00704955823	sahila hisyam ngundhuh woh wohan ing kebon
jvf_00264_00724297602	pasang saham ning klenger burger
jvf_00264_00750289525	nikita mirzani gawe rok cekak sakdhukure dengkul
jvf_00264_00774962993	marcellino lefrandt angsal katenaran saking sinetron bidadari
jvf_00264_00775761440	aku wes ora tahu mbukak emailku sing yahoo maneh
jvf_00264_00777595203	glenn fredly ngakoni nek dhekne gak tau resik resik omah
jvf_00264_00787564910	jackie chan mari tukaran ambek baya lan iwak sura nang jembatan merah
jvf_00264_00800670306	apa saiki wis mlebu mangsa rendheng
jvf_00264_00801155441	kawasaki wis suwe durung ngetokna produk meneh
jvf_00264_00802213580	ndang diasahi piringe wong ora ana telung menit
jvf_00264_00816870239	piyambake mboten purun menawa diparingi arta sedasa ewu
jvf_00264_00823393588	montor daihatsu sampeyan kok mboten ketingal blas
jvf_00264_00829645910	nek kartumu onok logone mastercard iku isok digawe menyang ngendi ngendi
jvf_00264_00850328394	terorise kecekel neng tomohon
jvf_00264_00882864871	random house mboten buka malih preorder damel bukunipun sing teranyar
jvf_00264_00905030573	apa kuwat mlaku ndaki gunung merbabu
jvf_00264_00928048648	deswita maharani wira wiri saka pawong nang mbale
jvf_00264_00936495967	bahasa ingkang diagem warga hanoi punika mboten saged dimengertos
jvf_00264_00941935636	kings of convenience teka nang ndesaku trus nyanyi sepuluh lagu
jvf_00264_00948048303	bella sofie ora wedi karo larangane wong tuwane
jvf_00264_00973719568	didi kempot mboten purun mlampah menapa jawah
jvf_00264_00986003774	pejabat sing saka luar negeri nginepe ning hotel indonesia sing paling mewah
jvf_00264_00989185909	rasane jan enak tenan numpak montor mabur british airways
jvf_00264_00989541805	mangsa paceklik ngene pas jam rolas awan rasane sirahku arep pecah amarga panas
jvf_00264_00990775656	nirvana sakmenika badhe ditumbas kalih bambang soeparmo
jvf_00264_00998587683	perang suku ning ambon nganggone samurai
jvf_00264_01021958625	sing nggo syuting the hobbit kae apa neng selandia baru
jvf_00264_01023416936	jack bugg menek wit pelem sing lagi nguwoh akeh
jvf_00264_01028786482	suku ning asmat saiki wis rada moderen
jvf_00264_01088727817	jennifer garner nyawang gunung merbabu sing nguntahna lahar karo wedhus gembel